rank,cell_id,suitability_score,confidence,centroid_lat,centroid_lon
1.0,S31.186_E151.686,0.9205203606505237,high,-31.18625,151.68625000000003
2.0,S32.436_E149.086,0.9197696937823575,high,-32.43625,149.08625000000004
3.0,S30.186_E151.636,0.9181371600411556,high,-30.18625,151.63625000000002
4.0,S32.436_E149.036,0.9179498613593562,high,-32.43625,149.03625000000002
5.0,S32.486_E149.086,0.9170993549990476,high,-32.48625,149.08625000000004
6.0,S30.086_E151.736,0.9170115633739897,high,-30.08625,151.73625
7.0,S30.086_E151.686,0.9151250247026507,high,-30.08625,151.68625000000003
8.0,S31.186_E151.736,0.9135980148136306,high,-31.18625,151.73625
9.0,S30.836_E151.586,0.9127981116539308,high,-30.83625,151.58625000000004
10.0,S30.836_E151.386,0.9125905717075175,high,-30.83625,151.38625000000002
11.0,S32.386_E149.036,0.912050679119168,high,-32.386250000000004,149.03625000000002
12.0,S30.286_E151.636,0.9113683452132657,high,-30.286250000000003,151.63625000000002
13.0,S30.236_E151.586,0.9111724983878373,high,-30.236250000000005,151.58625000000004
14.0,S30.236_E151.836,0.9111632401425537,high,-30.236250000000005,151.83625000000004
15.0,S31.136_E151.686,0.910963524334742,high,-31.136250000000004,151.68625000000003
16.0,S30.636_E151.586,0.9096280176082561,high,-30.636250000000004,151.58625000000004
17.0,S30.036_E151.686,0.909491705596352,high,-30.036250000000003,151.68625000000003
18.0,S30.786_E151.586,0.909458375827664,high,-30.786250000000003,151.58625000000004
19.0,S31.236_E151.686,0.9084596799799052,high,-31.236250000000005,151.68625000000003
20.0,S30.236_E151.786,0.9084515601706606,high,-30.236250000000005,151.78625000000002
