dataset_id,category,custodian,endpoint,access_method,http_status,format,native_crs,licence,vintage,size_or_count,intended_use,notes
abs_asgs2021_ste,admin-boundaries,ABS,https://geo.abs.gov.au/arcgis/rest/services/ASGS2021/STE/FeatureServer/0,ArcGIS REST FeatureServer (f=geojson),200,"GeoJSON/EsriJSON, Polygon",EPSG:3857,CC BY 4.0,ASGS Ed. 3 (2021),"10 features, 11 fields",Reference layer: state/territory polygons; basis for derived NEM regions,10 features incl. Other Territories and 'Outside Australia' (null geometry rows to filter)
abs_asgs2021_aus,admin-boundaries,ABS,https://geo.abs.gov.au/arcgis/rest/services/ASGS2021/AUS/FeatureServer/0,ArcGIS REST FeatureServer (f=geojson),200,"GeoJSON/EsriJSON, Polygon",EPSG:3857,CC BY 4.0,ASGS Ed. 3 (2021),"2 features, 9 fields",National land outline; land-mask candidate,AUS
abs_asgs2021_lga,admin-boundaries,ABS,https://geo.abs.gov.au/arcgis/rest/services/ASGS2021/LGA/FeatureServer/0,ArcGIS REST FeatureServer (f=geojson),200,"GeoJSON/EsriJSON, Polygon",EPSG:3857,CC BY 4.0,ASGS Ed. 3 (2021),"566 features, 11 fields",Local Government Area boundaries (checklist item A),LGA
abs_asgs2021_sa2,admin-boundaries,ABS,https://geo.abs.gov.au/arcgis/rest/services/ASGS2021/SA2/FeatureServer/0,ArcGIS REST FeatureServer (f=geojson),200,"GeoJSON/EsriJSON, Polygon",EPSG:3857,CC BY 4.0,ASGS Ed. 3 (2021),"2473 features, 19 fields",Population/demand allocation join geometry (Task 2 cross-reference),SA2
abs_asgs2021_ucl,urban,ABS,https://geo.abs.gov.au/arcgis/rest/services/ASGS2021/UCL/FeatureServer/0,ArcGIS REST FeatureServer (f=geojson),200,"GeoJSON/EsriJSON, Polygon",EPSG:3857,CC BY 4.0,ASGS Ed. 3 (2021),"1837 features, 15 fields",Urban Centres and Localities: urban-extent exclusion evidence + demand proxy,UCL
capad2024_terrestrial,protected-areas,DCCEEW,https://gis.environment.gov.au/gispubmap/rest/services/ogc_services/CAPAD/FeatureServer/0,ArcGIS REST FeatureServer (f=geojson),200,"GeoJSON/EsriJSON, Polygon",EPSG:4283,CC BY 4.0,CAPAD 2024,"14492 features, 29 fields",Hard exclusion: terrestrial protected areas with IUCN categories,Protected Areas (CAPAD)
capad2024_marine,protected-areas,DCCEEW,https://gis.environment.gov.au/gispubmap/rest/services/ogc_services/CAPAD/FeatureServer/1,ArcGIS REST FeatureServer (f=geojson),200,"GeoJSON/EsriJSON, Polygon",EPSG:4283,CC BY 4.0,CAPAD 2024 (marine),"5337 features, 29 fields",Marine/terrestrial distinction (checklist C); not sampled — analysis grid is terrestrial,Marine Protected Areas (CAPAD)
abares_nlum_2020_21,land-use,ABARES,https://www.agriculture.gov.au/sites/default/files/documents/NLUM_v7_1_250m_ALUMV8_2020_21_alb_20260814.zip,HTTP zip download,200,"GeoTIFF (zipped), 250 m",EPSG:3577 (expected),CC BY 4.0,"2020–21 (NLUM v7.1, ALUM v8)",64.2 MB,National land use at screening resolution; window clip sampled,
abares_nlum_2015_16,land-use,ABARES,https://www.agriculture.gov.au/sites/default/files/documents/NLUM_v7_1_250m_ALUMV8_2015_16_alb_20260814.zip,HTTP zip download,200,"GeoTIFF (zipped), 250 m",EPSG:3577 (expected),CC BY 4.0,2015–16 (NLUM v7.1),65.0 MB,Earlier vintage; register only,
abares_clum_50m,land-use,ABARES,https://www.agriculture.gov.au/abares/aclump/land-use/data-download,Portal page (manual download),200,"GeoTIFF/Esri Grid, 50 m",EPSG:3577,CC BY 4.0,CLUM Dec 2023 v2,,Catchment-scale 50 m product; register only — 250 m NLUM matches the ~5 km screening grid and is 1/25th the data volume,
srtm_gl1_30m,elevation,NASA/OpenTopography,https://opentopography.s3.sdsc.edu/raster/SRTM_GL1/SRTM_GL1_srtm.vrt,GDAL /vsicurl/ windowed read,200,"VRT mosaic of GeoTIFF tiles, 1 arc-second (~30 m)",EPSG:4326,NASA public domain (attribution requested),SRTM (2000 mission),6.2 MB,Working scripted route to 1-second elevation; windowed clip sampled,
srtm_gl3_90m,elevation,NASA/OpenTopography,https://opentopography.s3.sdsc.edu/raster/SRTM_GL3/SRTM_GL3_srtm.vrt,GDAL /vsicurl/ windowed read,200,"VRT mosaic of GeoTIFF tiles, 3 arc-second (~90 m)",EPSG:4326,NASA public domain (attribution requested),SRTM (2000 mission),6.4 MB,Coarser screening-friendly product; windowed clip sampled,
ga_dem_services,elevation,Geoscience Australia,https://services.ga.gov.au/gis/rest/services/DEM_SRTM_1Second_Hydro_Enforced/MapServer,ArcGIS REST (scripted),403,MapServer/ImageServer,EPSG:4283 (documented),CC BY 4.0,GA SRTM-derived 1s DEM suite (2011),,Authoritative national DEM (DEM/DEM-S/DEM-H); expect 403 to scripted clients — interactive ELVIS portal remains available to humans,
ga_elvis_portal,elevation,Geoscience Australia,https://elevation.fsdf.org.au/,Interactive portal only,200,Various (tile downloads),EPSG:4283,CC BY 4.0,current,,Browser download route for GA DEM tiles,
csiro_slope_1s,elevation,CSIRO,https://data.csiro.au/collection/csiro:5588,Portal page (registration),200,"Esri Grid, 1 arc-second",EPSG:4283,CC BY,2011 (derived from GA DEM-S),,"Pre-computed national slope exists (checklist B); register only — national grid too large for this task, slope derived from sampled DEM clips instead",
ne_land_50m,coastline,Natural Earth,https://raw.githubusercontent.com/nvkelso/natural-earth-vector/master/geojson/ne_50m_land.geojson,HTTP GeoJSON download,200,"GeoJSON, 1:50m generalisation",EPSG:4326,Public domain,NE master,529.8 KB,The prototype's land-mask source; sampled for the mask-adequacy assessment,
dea_coastlines,coastline,Geoscience Australia (DEA),https://data.dea.ga.gov.au/?prefix=derivative/dea_coastlines/,S3 public bucket,200,GeoPackage/Shapefile,EPSG:3577,CC BY 4.0,annual shorelines 1988–,,Higher-fidelity coastline option; register only,
dea_waterbodies,water,Geoscience Australia (DEA),https://data.dea.ga.gov.au/?prefix=derivative/dea_waterbodies/,S3 public bucket,200,GeoPackage/Shapefile polygons,EPSG:3577,CC BY 4.0,"Landsat-derived, current",,Inland waterbody polygons; register only,
osm_australia_pbf,roads,OpenStreetMap/Geofabrik,https://download.geofabrik.de/australia-oceania/australia-latest.osm.pbf,HTTP pbf download,200,OSM PBF (roads via highway=* tags),EPSG:4326,ODbL,continuous,958.7 MB,"Secondary priority per checklist F: size recorded, not sampled",
nationalmap,portal,Digital Atlas of Australia / TerriaJS,https://nationalmap.gov.au/,Interactive portal,200,WMS/WFS/ArcGIS proxies,various,various,current,,Aggregates the same custodial services probed above; discovery only,
data_gov_au,portal,data.gov.au (CKAN),https://data.gov.au/data/api/3/action/package_search?q=CAPAD&rows=1,CKAN API,200,catalogue JSON,n/a,various,current,,Catalogue used for discovery; intermittently slow — never load-bearing,
